date,start_time,end_time
2024/11/08,15:19,14:15
2024/11/17,13:55,9:29
2024/12/19,11:28,10:05
2024/12/08,11:30,14:11
2024/12/18,15:50,14:14
2024/12/08,14:51,13:14
2024/12/02,11:04,9:38
2024/12/18,13:29,13:11
2024/12/01,14:46,9:20
2024/11/25,9:47,10:00
2024/11/12,13:45,14:28
2024/11/18,11:59,10:46
2024/11/16,12:03,15:19
2024/12/13,13:57,9:41
2024/11/15,14:22,13:07
2024/11/01,11:19,11:45
2024/12/13,12:51,15:41
2024/11/05,15:11,12:07
2024/12/21,15:19,8:52
2024/12/09,8:31,12:22
2024/12/08,15:42,15:38
2024/11/12,10:29,15:54
2024/11/11,12:06,15:09
2024/12/12,9:04,11:36
2024/12/16,14:40,12:33
2024/12/10,9:00,9:10
2024/12/19,12:47,16:19
2024/11/13,9:16,9:50
2024/12/13,12:30,15:40
2024/11/02,11:24,11:38
